Month,Sales,Month_Name
1,284.1531142857143,Jan
2,277.41193667546173,Feb
3,198.39996868131868,Mar
4,221.30629545454548,Apr
5,176.28554316939892,May
6,187.04160701754387,Jun
7,210.1037130872483,Jul
8,285.33132191011237,Aug
9,192.53056851311953,Sep
10,209.97947,Oct
11,193.91429387186628,Nov
12,190.0396991304348,Dec
